Position,Name + ID,Name,ID,Roster Position,Salary,Game Info,TeamAbbrev,AvgPointsPerGame
WR,Justin Jefferson (25323474),Justin Jefferson,25323474,WR/FLEX,9100,DAL@MIN 11/20/2022 04:25PM ET,MIN,25.25
WR,Cooper Kupp (25323476),Cooper Kupp,25323476,WR/FLEX,8900,LAR@NO 11/20/2022 01:00PM ET,LAR,24.16
RB,Saquon Barkley (25323208),Saquon Barkley,25323208,RB/FLEX,8900,DET@NYG 11/20/2022 01:00PM ET,NYG,21.31
WR,Davante Adams (25323478),Davante Adams,25323478,WR/FLEX,8700,LV@DEN 11/20/2022 04:05PM ET,LV,22.03
QB,Josh Allen (25323137),Josh Allen,25323137,QB,8500,CLE@BUF 11/20/2022 01:00PM ET,BUF,29.21
QB,Lamar Jackson (25323138),Lamar Jackson,25323138,QB,8400,CAR@BAL 11/20/2022 01:00PM ET,BAL,23.58
WR,Stefon Diggs (25323480),Stefon Diggs,25323480,WR/FLEX,8300,CLE@BUF 11/20/2022 01:00PM ET,BUF,25.61
RB,Nick Chubb (25323210),Nick Chubb,25323210,RB/FLEX,8200,CLE@BUF 11/20/2022 01:00PM ET,CLE,21.58
QB,Jalen Hurts (25323139),Jalen Hurts,25323139,QB,8200,PHI@IND 11/20/2022 01:00PM ET,PHI,25.12
WR,A.J. Brown (25323482),A.J. Brown,25323482,WR/FLEX,8000,PHI@IND 11/20/2022 01:00PM ET,PHI,17.61
RB,Dalvin Cook (25323212),Dalvin Cook,25323212,RB/FLEX,8000,DAL@MIN 11/20/2022 04:25PM ET,MIN,17.37
RB,Jonathan Taylor (25323214),Jonathan Taylor,25323214,RB/FLEX,7800,PHI@IND 11/20/2022 01:00PM ET,IND,14.8
WR,Ja'Marr Chase (25323484),Ja'Marr Chase,25323484,WR/FLEX,7700,CIN@PIT 11/20/2022 04:25PM ET,CIN,21.67
QB,Justin Fields (25323140),Justin Fields,25323140,QB,7600,CHI@ATL 11/20/2022 01:00PM ET,CHI,21.85
RB,Alvin Kamara (25323216),Alvin Kamara,25323216,RB/FLEX,7600,LAR@NO 11/20/2022 01:00PM ET,NO,17.34
RB,Josh Jacobs (25323218),Josh Jacobs,25323218,RB/FLEX,7500,LV@DEN 11/20/2022 04:05PM ET,LV,20.46
WR,CeeDee Lamb (25323486),CeeDee Lamb,25323486,WR/FLEX,7500,DAL@MIN 11/20/2022 04:25PM ET,DAL,17.53
RB,Joe Mixon (25323220),Joe Mixon,25323220,RB/FLEX,7400,CIN@PIT 11/20/2022 04:25PM ET,CIN,19.41
WR,Amon-Ra St. Brown (25323488),Amon-Ra St. Brown,25323488,WR/FLEX,7200,DET@NYG 11/20/2022 01:00PM ET,DET,16.48
WR,Tee Higgins (25323490),Tee Higgins,25323490,WR/FLEX,7100,CIN@PIT 11/20/2022 04:25PM ET,CIN,13.16
RB,Miles Sanders (25323222),Miles Sanders,25323222,RB/FLEX,6900,PHI@IND 11/20/2022 01:00PM ET,PHI,13.91
TE,Mark Andrews (25323904),Mark Andrews,25323904,TE/FLEX,6800,CAR@BAL 11/20/2022 01:00PM ET,BAL,15.94
WR,Chris Olave (25323492),Chris Olave,25323492,WR/FLEX,6800,LAR@NO 11/20/2022 01:00PM ET,NO,14.53
QB,Joe Burrow (25323141),Joe Burrow,25323141,QB,6800,CIN@PIT 11/20/2022 04:25PM ET,CIN,24.06
RB,Rhamondre Stevenson (25323224),Rhamondre Stevenson,25323224,RB/FLEX,6700,NYJ@NE 11/20/2022 01:00PM ET,NE,16.94
QB,Dak Prescott (25323142),Dak Prescott,25323142,QB,6600,DAL@MIN 11/20/2022 04:25PM ET,DAL,16.34
RB,Dameon Pierce (25323228),Dameon Pierce,25323228,RB/FLEX,6500,WAS@HOU 11/20/2022 01:00PM ET,HOU,15.64
RB,Tony Pollard (25323226),Tony Pollard,25323226,RB/FLEX,6500,DAL@MIN 11/20/2022 04:25PM ET,DAL,15.06
WR,Tyler Boyd (25323494),Tyler Boyd,25323494,WR/FLEX,6500,CIN@PIT 11/20/2022 04:25PM ET,CIN,13.74
WR,Amari Cooper (25323496),Amari Cooper,25323496,WR/FLEX,6400,CLE@BUF 11/20/2022 01:00PM ET,CLE,15.39
WR,Gabe Davis (25323498),Gabe Davis,25323498,WR/FLEX,6300,CLE@BUF 11/20/2022 01:00PM ET,BUF,13.92
RB,Cordarrelle Patterson (25323230),Cordarrelle Patterson,25323230,RB/FLEX,6200,CHI@ATL 11/20/2022 01:00PM ET,ATL,14.35
WR,DeVonta Smith (25323500),DeVonta Smith,25323500,WR/FLEX,6200,PHI@IND 11/20/2022 01:00PM ET,PHI,12.68
RB,David Montgomery (25323234),David Montgomery,25323234,RB/FLEX,6100,CHI@ATL 11/20/2022 01:00PM ET,CHI,9.71
WR,Michael Pittman Jr. (25323502),Michael Pittman Jr.,25323502,WR/FLEX,6100,PHI@IND 11/20/2022 01:00PM ET,IND,14.7
RB,D'Andre Swift (25323232),D'Andre Swift,25323232,RB/FLEX,6100,DET@NYG 11/20/2022 01:00PM ET,DET,14.05
QB,Kirk Cousins (25323143),Kirk Cousins,25323143,QB,6100,DAL@MIN 11/20/2022 04:25PM ET,MIN,18.36
RB,Jamaal Williams (25323236),Jamaal Williams,25323236,RB/FLEX,6000,DET@NYG 11/20/2022 01:00PM ET,DET,14.79
WR,Courtland Sutton (25323504),Courtland Sutton,25323504,WR/FLEX,6000,LV@DEN 11/20/2022 04:05PM ET,DEN,11.53
RB,Ezekiel Elliott (25323238),Ezekiel Elliott,25323238,RB/FLEX,6000,DAL@MIN 11/20/2022 04:25PM ET,DAL,11.07
RB,Kenyan Drake (25323240),Kenyan Drake,25323240,RB/FLEX,5900,CAR@BAL 11/20/2022 01:00PM ET,BAL,10.7
RB,D'Onta Foreman (25323242),D'Onta Foreman,25323242,RB/FLEX,5900,CAR@BAL 11/20/2022 01:00PM ET,CAR,8.41
WR,Terry McLaurin (25323506),Terry McLaurin,25323506,WR/FLEX,5900,WAS@HOU 11/20/2022 01:00PM ET,WAS,14.18
RB,Devin Singletary (25323246),Devin Singletary,25323246,RB/FLEX,5800,CLE@BUF 11/20/2022 01:00PM ET,BUF,11.57
RB,Damien Harris (25323244),Damien Harris,25323244,RB/FLEX,5800,NYJ@NE 11/20/2022 01:00PM ET,NE,9.13
QB,Russell Wilson (25323144),Russell Wilson,25323144,QB,5800,LV@DEN 11/20/2022 04:05PM ET,DEN,15.55
WR,Diontae Johnson (25323508),Diontae Johnson,25323508,WR/FLEX,5800,CIN@PIT 11/20/2022 04:25PM ET,PIT,10.52
WR,DJ Moore (25323512),DJ Moore,25323512,WR/FLEX,5700,CAR@BAL 11/20/2022 01:00PM ET,CAR,11.17
QB,Daniel Jones (25323145),Daniel Jones,25323145,QB,5700,DET@NYG 11/20/2022 01:00PM ET,NYG,17.06
RB,Melvin Gordon III (25323248),Melvin Gordon III,25323248,RB/FLEX,5700,LV@DEN 11/20/2022 04:05PM ET,DEN,8.57
WR,Jerry Jeudy (25323510),Jerry Jeudy,25323510,WR/FLEX,5700,LV@DEN 11/20/2022 04:05PM ET,DEN,10.67
RB,Khalil Herbert (25323252),Khalil Herbert,25323252,RB/FLEX,5600,CHI@ATL 11/20/2022 01:00PM ET,CHI,10.95
QB,Deshaun Watson (25323147),Deshaun Watson,25323147,QB,5600,CLE@BUF 11/20/2022 01:00PM ET,CLE,0
RB,Antonio Gibson (25323254),Antonio Gibson,25323254,RB/FLEX,5600,WAS@HOU 11/20/2022 01:00PM ET,WAS,12.65
TE,Dallas Goedert (25323906),Dallas Goedert,25323906,TE/FLEX,5600,PHI@IND 11/20/2022 01:00PM ET,PHI,13.04
WR,Allen Robinson II (25323514),Allen Robinson II,25323514,WR/FLEX,5600,LAR@NO 11/20/2022 01:00PM ET,LAR,7.8
QB,Derek Carr (25323146),Derek Carr,25323146,QB,5600,LV@DEN 11/20/2022 04:05PM ET,LV,15.76
QB,Marcus Mariota (25323149),Marcus Mariota,25323149,QB,5500,CHI@ATL 11/20/2022 01:00PM ET,ATL,16.46
RB,Gus Edwards (25323250),Gus Edwards,25323250,RB/FLEX,5500,CAR@BAL 11/20/2022 01:00PM ET,BAL,12.55
WR,Jakobi Meyers (25323518),Jakobi Meyers,25323518,WR/FLEX,5500,NYJ@NE 11/20/2022 01:00PM ET,NE,15.23
QB,Matthew Stafford (25323148),Matthew Stafford,25323148,QB,5500,LAR@NO 11/20/2022 01:00PM ET,LAR,13.45
WR,Adam Thielen (25323516),Adam Thielen,25323516,WR/FLEX,5500,DAL@MIN 11/20/2022 04:25PM ET,MIN,11.52
RB,Najee Harris (25323256),Najee Harris,25323256,RB/FLEX,5500,CIN@PIT 11/20/2022 04:25PM ET,PIT,10.93
WR,Darnell Mooney (25323520),Darnell Mooney,25323520,WR/FLEX,5400,CHI@ATL 11/20/2022 01:00PM ET,CHI,8.86
QB,Jacoby Brissett (25323151),Jacoby Brissett,25323151,QB,5400,CLE@BUF 11/20/2022 01:00PM ET,CLE,15.24
WR,Brandin Cooks (25323522),Brandin Cooks,25323522,WR/FLEX,5400,WAS@HOU 11/20/2022 01:00PM ET,HOU,10.2
RB,Michael Carter (25323260),Michael Carter,25323260,RB/FLEX,5400,NYJ@NE 11/20/2022 01:00PM ET,NYJ,10.62
QB,Jared Goff (25323150),Jared Goff,25323150,QB,5400,DET@NYG 11/20/2022 01:00PM ET,DET,17.43
RB,Alexander Mattison (25323258),Alexander Mattison,25323258,RB/FLEX,5400,DAL@MIN 11/20/2022 04:25PM ET,MIN,5.5
QB,Taylor Heinicke (25323152),Taylor Heinicke,25323152,QB,5300,WAS@HOU 11/20/2022 01:00PM ET,WAS,15.15
RB,Brian Robinson Jr. (25323264),Brian Robinson Jr.,25323264,RB/FLEX,5300,WAS@HOU 11/20/2022 01:00PM ET,WAS,7.87
WR,Curtis Samuel (25323524),Curtis Samuel,25323524,WR/FLEX,5300,WAS@HOU 11/20/2022 01:00PM ET,WAS,12.57
RB,Deon Jackson (25323262),Deon Jackson,25323262,RB/FLEX,5300,PHI@IND 11/20/2022 01:00PM ET,IND,5.16
QB,Andy Dalton (25323153),Andy Dalton,25323153,QB,5300,LAR@NO 11/20/2022 01:00PM ET,NO,15.25
QB,Jameis Winston (25323155),Jameis Winston,25323155,QB,5300,LAR@NO 11/20/2022 01:00PM ET,NO,17.31
TE,T.J. Hockenson (25323908),T.J. Hockenson,25323908,TE/FLEX,5300,DAL@MIN 11/20/2022 04:25PM ET,MIN,12.89
QB,Kenny Pickett (25323154),Kenny Pickett,25323154,QB,5300,CIN@PIT 11/20/2022 04:25PM ET,PIT,13.56
QB,Desmond Ridder (25323158),Desmond Ridder,25323158,QB,5200,CHI@ATL 11/20/2022 01:00PM ET,ATL,0
QB,Davis Mills (25323156),Davis Mills,25323156,QB,5200,WAS@HOU 11/20/2022 01:00PM ET,HOU,13.53
QB,Matt Ryan (25323157),Matt Ryan,25323157,QB,5200,PHI@IND 11/20/2022 01:00PM ET,IND,17.14
RB,Kenneth Gainwell (25323266),Kenneth Gainwell,25323266,RB/FLEX,5200,PHI@IND 11/20/2022 01:00PM ET,PHI,4.99
RB,James Robinson (25323270),James Robinson,25323270,RB/FLEX,5200,NYJ@NE 11/20/2022 01:00PM ET,NYJ,9.96
RB,Darrell Henderson Jr. (25323268),Darrell Henderson Jr.,25323268,RB/FLEX,5200,LAR@NO 11/20/2022 01:00PM ET,LAR,8.07
WR,George Pickens (25323526),George Pickens,25323526,WR/FLEX,5200,CIN@PIT 11/20/2022 04:25PM ET,PIT,9.27
WR,Drake London (25323528),Drake London,25323528,WR/FLEX,5100,CHI@ATL 11/20/2022 01:00PM ET,ATL,9.77
QB,P.J. Walker (25323161),P.J. Walker,25323161,QB,5100,CAR@BAL 11/20/2022 01:00PM ET,CAR,7.52
RB,Kareem Hunt (25323276),Kareem Hunt,25323276,RB/FLEX,5100,CLE@BUF 11/20/2022 01:00PM ET,CLE,9.79
QB,Mac Jones (25323159),Mac Jones,25323159,QB,5100,NYJ@NE 11/20/2022 01:00PM ET,NE,11.73
RB,Mark Ingram II (25323274),Mark Ingram II,25323274,RB/FLEX,5100,LAR@NO 11/20/2022 01:00PM ET,NO,5.15
WR,Jameson Williams (25323532),Jameson Williams,25323532,WR/FLEX,5100,DET@NYG 11/20/2022 01:00PM ET,DET,0
WR,Michael Gallup (25323530),Michael Gallup,25323530,WR/FLEX,5100,DAL@MIN 11/20/2022 04:25PM ET,DAL,6.5
QB,Mitch Trubisky (25323160),Mitch Trubisky,25323160,QB,5100,CIN@PIT 11/20/2022 04:25PM ET,PIT,10.56
RB,Samaje Perine (25323272),Samaje Perine,25323272,RB/FLEX,5100,CIN@PIT 11/20/2022 04:25PM ET,CIN,5.54
QB,Tyler Huntley (25323162),Tyler Huntley,25323162,QB,5000,CAR@BAL 11/20/2022 01:00PM ET,BAL,0
QB,Baker Mayfield (25323172),Baker Mayfield,25323172,QB,5000,CAR@BAL 11/20/2022 01:00PM ET,CAR,12.28
QB,Sam Darnold (25323173),Sam Darnold,25323173,QB,5000,CAR@BAL 11/20/2022 01:00PM ET,CAR,0
RB,Chuba Hubbard (25323284),Chuba Hubbard,25323284,RB/FLEX,5000,CAR@BAL 11/20/2022 01:00PM ET,CAR,2.52
WR,Devin Duvernay (25323534),Devin Duvernay,25323534,WR/FLEX,5000,CAR@BAL 11/20/2022 01:00PM ET,BAL,10.26
QB,Case Keenum (25323164),Case Keenum,25323164,QB,5000,CLE@BUF 11/20/2022 01:00PM ET,BUF,0.16
RB,Nyheim Hines (25323278),Nyheim Hines,25323278,RB/FLEX,5000,CLE@BUF 11/20/2022 01:00PM ET,BUF,6.14
QB,Carson Wentz (25323167),Carson Wentz,25323167,QB,5000,WAS@HOU 11/20/2022 01:00PM ET,WAS,18.91
QB,Gardner Minshew II (25323163),Gardner Minshew II,25323163,QB,5000,PHI@IND 11/20/2022 01:00PM ET,PHI,0.82
QB,Sam Ehlinger (25323170),Sam Ehlinger,25323170,QB,5000,PHI@IND 11/20/2022 01:00PM ET,IND,7.78
QB,Nick Foles (25323171),Nick Foles,25323171,QB,5000,PHI@IND 11/20/2022 01:00PM ET,IND,0
QB,Zach Wilson (25323169),Zach Wilson,25323169,QB,5000,NYJ@NE 11/20/2022 01:00PM ET,NYJ,13.51
QB,Taysom Hill (25323168),Taysom Hill,25323168,QB,5000,LAR@NO 11/20/2022 01:00PM ET,NO,9.56
QB,Tyrod Taylor (25323165),Tyrod Taylor,25323165,QB,5000,DET@NYG 11/20/2022 01:00PM ET,NYG,2.44
WR,Darius Slayton (25323536),Darius Slayton,25323536,WR/FLEX,5000,DET@NYG 11/20/2022 01:00PM ET,NYG,7.96
QB,Brett Rypien (25323166),Brett Rypien,25323166,QB,5000,LV@DEN 11/20/2022 04:05PM ET,DEN,8.9
RB,Latavius Murray (25323280),Latavius Murray,25323280,RB/FLEX,5000,LV@DEN 11/20/2022 04:05PM ET,DEN,10.36
RB,Tyler Allgeier (25323286),Tyler Allgeier,25323286,RB/FLEX,4900,CHI@ATL 11/20/2022 01:00PM ET,ATL,8.12
QB,Joshua Dobbs (25323181),Joshua Dobbs,25323181,QB,4900,CLE@BUF 11/20/2022 01:00PM ET,CLE,0
QB,Bailey Zappe (25323174),Bailey Zappe,25323174,QB,4900,NYJ@NE 11/20/2022 01:00PM ET,NE,12.16
QB,Mike White (25323179),Mike White,25323179,QB,4900,NYJ@NE 11/20/2022 01:00PM ET,NYJ,0
QB,Joe Flacco (25323180),Joe Flacco,25323180,QB,4900,NYJ@NE 11/20/2022 01:00PM ET,NYJ,18.88
WR,Garrett Wilson (25323538),Garrett Wilson,25323538,WR/FLEX,4900,NYJ@NE 11/20/2022 01:00PM ET,NYJ,12.51
QB,John Wolford (25323177),John Wolford,25323177,QB,4900,LAR@NO 11/20/2022 01:00PM ET,LAR,10.78
QB,Jarrett Stidham (25323178),Jarrett Stidham,25323178,QB,4900,LV@DEN 11/20/2022 04:05PM ET,LV,1.44
QB,Cooper Rush (25323176),Cooper Rush,25323176,QB,4900,DAL@MIN 11/20/2022 04:25PM ET,DAL,9.73
QB,Brandon Allen (25323175),Brandon Allen,25323175,QB,4900,CIN@PIT 11/20/2022 04:25PM ET,CIN,0.78
RB,Jaylen Warren (25323282),Jaylen Warren,25323282,RB/FLEX,4900,CIN@PIT 11/20/2022 04:25PM ET,PIT,5.2
QB,Trevor Siemian (25323184),Trevor Siemian,25323184,QB,4800,CHI@ATL 11/20/2022 01:00PM ET,CHI,0.2
WR,Chase Claypool (25323540),Chase Claypool,25323540,WR/FLEX,4800,CHI@ATL 11/20/2022 01:00PM ET,CHI,8.41
QB,Kyle Allen (25323183),Kyle Allen,25323183,QB,4800,WAS@HOU 11/20/2022 01:00PM ET,HOU,0
RB,Kyren Williams (25323292),Kyren Williams,25323292,RB/FLEX,4800,LAR@NO 11/20/2022 01:00PM ET,LAR,3.45
QB,Nate Sudfeld (25323185),Nate Sudfeld,25323185,QB,4800,DET@NYG 11/20/2022 01:00PM ET,DET,0
QB,Nick Mullens (25323182),Nick Mullens,25323182,QB,4800,DAL@MIN 11/20/2022 04:25PM ET,MIN,-0.12
QB,Mason Rudolph (25323186),Mason Rudolph,25323186,QB,4800,CIN@PIT 11/20/2022 04:25PM ET,PIT,0
WR,Josh Reynolds (25323542),Josh Reynolds,25323542,WR/FLEX,4700,DET@NYG 11/20/2022 01:00PM ET,DET,10.53
RB,Ameer Abdullah (25323294),Ameer Abdullah,25323294,RB/FLEX,4700,LV@DEN 11/20/2022 04:05PM ET,LV,2.43
TE,Darren Waller (25323910),Darren Waller,25323910,TE/FLEX,4700,LV@DEN 11/20/2022 04:05PM ET,LV,7.9
WR,Donovan Peoples-Jones (25323550),Donovan Peoples-Jones,25323550,WR/FLEX,4600,CLE@BUF 11/20/2022 01:00PM ET,CLE,9.53
RB,J.D. McKissic (25323290),J.D. McKissic,25323290,RB/FLEX,4600,WAS@HOU 11/20/2022 01:00PM ET,WAS,6.98
RB,Matt Breida (25323288),Matt Breida,25323288,RB/FLEX,4600,DET@NYG 11/20/2022 01:00PM ET,NYG,2.3
WR,Wan'Dale Robinson (25323544),Wan'Dale Robinson,25323544,WR/FLEX,4600,DET@NYG 11/20/2022 01:00PM ET,NYG,6.44
RB,Justice Hill (25323296),Justice Hill,25323296,RB/FLEX,4500,CAR@BAL 11/20/2022 01:00PM ET,BAL,3.67
WR,Van Jefferson (25323546),Van Jefferson,25323546,WR/FLEX,4500,LAR@NO 11/20/2022 01:00PM ET,LAR,3.9
WR,Jarvis Landry (25323554),Jarvis Landry,25323554,WR/FLEX,4500,LAR@NO 11/20/2022 01:00PM ET,NO,8.7
WR,Kalif Raymond (25323548),Kalif Raymond,25323548,WR/FLEX,4500,DET@NYG 11/20/2022 01:00PM ET,DET,6.06
RB,Mike Boone (25323298),Mike Boone,25323298,RB/FLEX,4500,LV@DEN 11/20/2022 04:05PM ET,DEN,2.9
WR,Mack Hollins (25323552),Mack Hollins,25323552,WR/FLEX,4500,LV@DEN 11/20/2022 04:05PM ET,LV,9.64
RB,Caleb Huntley (25323304),Caleb Huntley,25323304,RB/FLEX,4400,CHI@ATL 11/20/2022 01:00PM ET,ATL,4.89
TE,Kyle Pitts (25323912),Kyle Pitts,25323912,TE/FLEX,4400,CHI@ATL 11/20/2022 01:00PM ET,ATL,7.59
WR,Terrace Marshall Jr. (25323562),Terrace Marshall Jr.,25323562,WR/FLEX,4400,CAR@BAL 11/20/2022 01:00PM ET,CAR,6.34
RB,James Cook (25323302),James Cook,25323302,RB/FLEX,4400,CLE@BUF 11/20/2022 01:00PM ET,BUF,4.28
WR,Isaiah McKenzie (25323556),Isaiah McKenzie,25323556,WR/FLEX,4400,CLE@BUF 11/20/2022 01:00PM ET,BUF,9.18
RB,Rex Burkhead (25323310),Rex Burkhead,25323310,RB/FLEX,4400,WAS@HOU 11/20/2022 01:00PM ET,HOU,6.36
WR,Jahan Dotson (25323558),Jahan Dotson,25323558,WR/FLEX,4400,WAS@HOU 11/20/2022 01:00PM ET,WAS,10.92
RB,Boston Scott (25323300),Boston Scott,25323300,RB/FLEX,4400,PHI@IND 11/20/2022 01:00PM ET,PHI,2.11
RB,Cam Akers (25323308),Cam Akers,25323308,RB/FLEX,4400,LAR@NO 11/20/2022 01:00PM ET,LAR,3.77
RB,Chase Edmonds (25323306),Chase Edmonds,25323306,RB/FLEX,4400,LV@DEN 11/20/2022 04:05PM ET,DEN,5.72
RB,Zack Moss (25323316),Zack Moss,25323316,RB/FLEX,4300,PHI@IND 11/20/2022 01:00PM ET,IND,3.03
WR,Parris Campbell (25323564),Parris Campbell,25323564,WR/FLEX,4300,PHI@IND 11/20/2022 01:00PM ET,IND,9.72
RB,Dwayne Washington (25323314),Dwayne Washington,25323314,RB/FLEX,4300,LAR@NO 11/20/2022 01:00PM ET,NO,0.61
WR,Hunter Renfrow (25323560),Hunter Renfrow,25323560,WR/FLEX,4300,LV@DEN 11/20/2022 04:05PM ET,LV,6.53
RB,Malik Davis (25323312),Malik Davis,25323312,RB/FLEX,4300,DAL@MIN 11/20/2022 04:25PM ET,DAL,2.48
TE,Dalton Schultz (25323914),Dalton Schultz,25323914,TE/FLEX,4300,DAL@MIN 11/20/2022 04:25PM ET,DAL,8.1
RB,Trestan Ebner (25323318),Trestan Ebner,25323318,RB/FLEX,4200,CHI@ATL 11/20/2022 01:00PM ET,CHI,0.64
RB,Ty Johnson (25323320),Ty Johnson,25323320,RB/FLEX,4200,NYJ@NE 11/20/2022 01:00PM ET,NYJ,0.62
WR,Corey Davis (25323568),Corey Davis,25323568,WR/FLEX,4200,NYJ@NE 11/20/2022 01:00PM ET,NYJ,9.44
WR,DJ Chark Jr. (25323566),DJ Chark Jr.,25323566,WR/FLEX,4200,DET@NYG 11/20/2022 01:00PM ET,DET,7.6
TE,Pat Freiermuth (25323916),Pat Freiermuth,25323916,TE/FLEX,4200,CIN@PIT 11/20/2022 04:25PM ET,PIT,10.29
TE,Cole Kmet (25323918),Cole Kmet,25323918,TE/FLEX,4100,CHI@ATL 11/20/2022 01:00PM ET,CHI,8.13
RB,Raheem Blackshear (25323322),Raheem Blackshear,25323322,RB/FLEX,4100,CAR@BAL 11/20/2022 01:00PM ET,CAR,3.02
QB,Sam Howell (25323187),Sam Howell,25323187,QB,4100,WAS@HOU 11/20/2022 01:00PM ET,WAS,0
WR,Nico Collins (25323574),Nico Collins,25323574,WR/FLEX,4100,WAS@HOU 11/20/2022 01:00PM ET,HOU,9.2
WR,DeVante Parker (25323570),DeVante Parker,25323570,WR/FLEX,4100,NYJ@NE 11/20/2022 01:00PM ET,NE,7.01
WR,Tre'Quan Smith (25323572),Tre'Quan Smith,25323572,WR/FLEX,4100,LAR@NO 11/20/2022 01:00PM ET,NO,6.55
QB,Nathan Peterman (25323203),Nathan Peterman,25323203,QB,4000,CHI@ATL 11/20/2022 01:00PM ET,CHI,0
RB,Avery Williams (25323364),Avery Williams,25323364,RB/FLEX,4000,CHI@ATL 11/20/2022 01:00PM ET,ATL,2.58
RB,Damien Williams (25323366),Damien Williams,25323366,RB/FLEX,4000,CHI@ATL 11/20/2022 01:00PM ET,ATL,0.2
RB,B.J. Baylor (25323368),B.J. Baylor,25323368,RB/FLEX,4000,CHI@ATL 11/20/2022 01:00PM ET,ATL,0
RB,Keith Smith (25323370),Keith Smith,25323370,RB/FLEX,4000,CHI@ATL 11/20/2022 01:00PM ET,ATL,0.2
RB,Khari Blasingame (25323428),Khari Blasingame,25323428,RB/FLEX,4000,CHI@ATL 11/20/2022 01:00PM ET,CHI,0
RB,Darrynton Evans (25323430),Darrynton Evans,25323430,RB/FLEX,4000,CHI@ATL 11/20/2022 01:00PM ET,CHI,0
WR,Olamide Zaccheaus (25323584),Olamide Zaccheaus,25323584,WR/FLEX,4000,CHI@ATL 11/20/2022 01:00PM ET,ATL,7.09
QB,Anthony Brown (25323188),Anthony Brown,25323188,QB,4000,CAR@BAL 11/20/2022 01:00PM ET,BAL,0
QB,Matt Corral (25323207),Matt Corral,25323207,QB,4000,CAR@BAL 11/20/2022 01:00PM ET,CAR,0
RB,Mike Davis (25323324),Mike Davis,25323324,RB/FLEX,4000,CAR@BAL 11/20/2022 01:00PM ET,BAL,0.5
RB,J.K. Dobbins (25323326),J.K. Dobbins,25323326,RB/FLEX,4000,CAR@BAL 11/20/2022 01:00PM ET,BAL,8.55
RB,Tyler Badie (25323328),Tyler Badie,25323328,RB/FLEX,4000,CAR@BAL 11/20/2022 01:00PM ET,BAL,0
RB,Patrick Ricard (25323330),Patrick Ricard,25323330,RB/FLEX,4000,CAR@BAL 11/20/2022 01:00PM ET,BAL,1.67
RB,Ben Mason (25323332),Ben Mason,25323332,RB/FLEX,4000,CAR@BAL 11/20/2022 01:00PM ET,BAL,0
RB,Ricky Person Jr. (25323334),Ricky Person Jr.,25323334,RB/FLEX,4000,CAR@BAL 11/20/2022 01:00PM ET,BAL,0
RB,Spencer Brown (25323470),Spencer Brown,25323470,RB/FLEX,4000,CAR@BAL 11/20/2022 01:00PM ET,CAR,3.65
RB,Nate McCrary (25323472),Nate McCrary,25323472,RB/FLEX,4000,CAR@BAL 11/20/2022 01:00PM ET,CAR,0
WR,Demarcus Robinson (25323576),Demarcus Robinson,25323576,WR/FLEX,4000,CAR@BAL 11/20/2022 01:00PM ET,BAL,4.13
DST,Ravens  (25324148),Ravens ,25324148,DST,4000,CAR@BAL 11/20/2022 01:00PM ET,BAL,8.11
QB,Matt Barkley (25323190),Matt Barkley,25323190,QB,4000,CLE@BUF 11/20/2022 01:00PM ET,BUF,0
QB,Kellen Mond (25323206),Kellen Mond,25323206,QB,4000,CLE@BUF 11/20/2022 01:00PM ET,CLE,0
RB,Taiwan Jones (25323340),Taiwan Jones,25323340,RB/FLEX,4000,CLE@BUF 11/20/2022 01:00PM ET,BUF,0
RB,Duke Johnson (25323342),Duke Johnson,25323342,RB/FLEX,4000,CLE@BUF 11/20/2022 01:00PM ET,BUF,0.4
RB,Reggie Gilliam (25323344),Reggie Gilliam,25323344,RB/FLEX,4000,CLE@BUF 11/20/2022 01:00PM ET,BUF,2.08
RB,D'Ernest Johnson (25323458),D'Ernest Johnson,25323458,RB/FLEX,4000,CLE@BUF 11/20/2022 01:00PM ET,CLE,0.77
RB,Jerome Ford (25323460),Jerome Ford,25323460,RB/FLEX,4000,CLE@BUF 11/20/2022 01:00PM ET,CLE,0
RB,Demetric Felton (25323462),Demetric Felton,25323462,RB/FLEX,4000,CLE@BUF 11/20/2022 01:00PM ET,CLE,0.18
RB,John Kelly Jr. (25323464),John Kelly Jr.,25323464,RB/FLEX,4000,CLE@BUF 11/20/2022 01:00PM ET,CLE,0
QB,Jake Fromm (25323196),Jake Fromm,25323196,QB,4000,WAS@HOU 11/20/2022 01:00PM ET,WAS,0
QB,Jeff Driskel (25323202),Jeff Driskel,25323202,QB,4000,WAS@HOU 11/20/2022 01:00PM ET,HOU,0.75
RB,Jonathan Williams (25323380),Jonathan Williams,25323380,RB/FLEX,4000,WAS@HOU 11/20/2022 01:00PM ET,WAS,0.9
RB,Jaret Patterson (25323382),Jaret Patterson,25323382,RB/FLEX,4000,WAS@HOU 11/20/2022 01:00PM ET,WAS,0
RB,Alex Armah (25323384),Alex Armah,25323384,RB/FLEX,4000,WAS@HOU 11/20/2022 01:00PM ET,WAS,0
RB,Dare Ogunbowale (25323418),Dare Ogunbowale,25323418,RB/FLEX,4000,WAS@HOU 11/20/2022 01:00PM ET,HOU,1.61
RB,Darius Anderson (25323420),Darius Anderson,25323420,RB/FLEX,4000,WAS@HOU 11/20/2022 01:00PM ET,HOU,0
RB,Royce Freeman (25323422),Royce Freeman,25323422,RB/FLEX,4000,WAS@HOU 11/20/2022 01:00PM ET,HOU,0
RB,Troy Hairston (25323424),Troy Hairston,25323424,RB/FLEX,4000,WAS@HOU 11/20/2022 01:00PM ET,HOU,0.47
RB,Gerrid Doaks (25323426),Gerrid Doaks,25323426,RB/FLEX,4000,WAS@HOU 11/20/2022 01:00PM ET,HOU,0
WR,Chris Moore (25323580),Chris Moore,25323580,WR/FLEX,4000,WAS@HOU 11/20/2022 01:00PM ET,HOU,6.66
QB,Ian Book (25323189),Ian Book,25323189,QB,4000,PHI@IND 11/20/2022 01:00PM ET,PHI,0
RB,Trey Sermon (25323336),Trey Sermon,25323336,RB/FLEX,4000,PHI@IND 11/20/2022 01:00PM ET,PHI,0.95
RB,Kennedy Brooks (25323338),Kennedy Brooks,25323338,RB/FLEX,4000,PHI@IND 11/20/2022 01:00PM ET,PHI,0
RB,Jordan Wilkins (25323466),Jordan Wilkins,25323466,RB/FLEX,4000,PHI@IND 11/20/2022 01:00PM ET,IND,4.3
RB,Jake Funk (25323468),Jake Funk,25323468,RB/FLEX,4000,PHI@IND 11/20/2022 01:00PM ET,IND,0
QB,Brian Hoyer (25323193),Brian Hoyer,25323193,QB,4000,NYJ@NE 11/20/2022 01:00PM ET,NE,1.48
QB,Garrett Gilbert (25323194),Garrett Gilbert,25323194,QB,4000,NYJ@NE 11/20/2022 01:00PM ET,NE,0
QB,Chris Streveler (25323205),Chris Streveler,25323205,QB,4000,NYJ@NE 11/20/2022 01:00PM ET,NYJ,0
RB,J.J. Taylor (25323358),J.J. Taylor,25323358,RB/FLEX,4000,NYJ@NE 11/20/2022 01:00PM ET,NE,2.7
RB,Pierre Strong Jr. (25323360),Pierre Strong Jr.,25323360,RB/FLEX,4000,NYJ@NE 11/20/2022 01:00PM ET,NE,0.07
RB,Kevin Harris (25323362),Kevin Harris,25323362,RB/FLEX,4000,NYJ@NE 11/20/2022 01:00PM ET,NE,0.5
RB,Zonovan Knight (25323442),Zonovan Knight,25323442,RB/FLEX,4000,NYJ@NE 11/20/2022 01:00PM ET,NYJ,0
RB,Breece Hall (25323444),Breece Hall,25323444,RB/FLEX,4000,NYJ@NE 11/20/2022 01:00PM ET,NYJ,17.44
RB,Nick Bawden (25323446),Nick Bawden,25323446,RB/FLEX,4000,NYJ@NE 11/20/2022 01:00PM ET,NYJ,0
WR,Elijah Moore (25323582),Elijah Moore,25323582,WR/FLEX,4000,NYJ@NE 11/20/2022 01:00PM ET,NYJ,4.49
QB,Jake Luton (25323198),Jake Luton,25323198,QB,4000,LAR@NO 11/20/2022 01:00PM ET,NO,0
QB,Bryce Perkins (25323199),Bryce Perkins,25323199,QB,4000,LAR@NO 11/20/2022 01:00PM ET,LAR,0.28
RB,Jordan Howard (25323390),Jordan Howard,25323390,RB/FLEX,4000,LAR@NO 11/20/2022 01:00PM ET,NO,0.05
RB,Derrick Gore (25323392),Derrick Gore,25323392,RB/FLEX,4000,LAR@NO 11/20/2022 01:00PM ET,NO,0
RB,Adam Prentice (25323394),Adam Prentice,25323394,RB/FLEX,4000,LAR@NO 11/20/2022 01:00PM ET,NO,0.3
RB,Ronnie Rivers (25323396),Ronnie Rivers,25323396,RB/FLEX,4000,LAR@NO 11/20/2022 01:00PM ET,LAR,3.33
TE,Tyler Higbee (25323920),Tyler Higbee,25323920,TE/FLEX,4000,LAR@NO 11/20/2022 01:00PM ET,LAR,9.17
QB,Davis Webb (25323192),Davis Webb,25323192,QB,4000,DET@NYG 11/20/2022 01:00PM ET,NYG,0
QB,Tim Boyle (25323204),Tim Boyle,25323204,QB,4000,DET@NYG 11/20/2022 01:00PM ET,DET,0
RB,Gary Brightwell (25323352),Gary Brightwell,25323352,RB/FLEX,4000,DET@NYG 11/20/2022 01:00PM ET,NYG,0.88
RB,Jashaun Corbin (25323354),Jashaun Corbin,25323354,RB/FLEX,4000,DET@NYG 11/20/2022 01:00PM ET,NYG,0
RB,Sandro Platzgummer (25323356),Sandro Platzgummer,25323356,RB/FLEX,4000,DET@NYG 11/20/2022 01:00PM ET,NYG,0
RB,Craig Reynolds (25323432),Craig Reynolds,25323432,RB/FLEX,4000,DET@NYG 11/20/2022 01:00PM ET,DET,3.85
RB,Justin Jackson (25323434),Justin Jackson,25323434,RB/FLEX,4000,DET@NYG 11/20/2022 01:00PM ET,DET,1.98
RB,Greg Bell (25323436),Greg Bell,25323436,RB/FLEX,4000,DET@NYG 11/20/2022 01:00PM ET,DET,0
RB,Jason Cabinda (25323438),Jason Cabinda,25323438,RB/FLEX,4000,DET@NYG 11/20/2022 01:00PM ET,DET,0
RB,Jermar Jefferson (25323440),Jermar Jefferson,25323440,RB/FLEX,4000,DET@NYG 11/20/2022 01:00PM ET,DET,0
QB,Josh Johnson (25323195),Josh Johnson,25323195,QB,4000,LV@DEN 11/20/2022 04:05PM ET,DEN,0
QB,Chase Garbers (25323201),Chase Garbers,25323201,QB,4000,LV@DEN 11/20/2022 04:05PM ET,LV,0
RB,Marlon Mack (25323372),Marlon Mack,25323372,RB/FLEX,4000,LV@DEN 11/20/2022 04:05PM ET,DEN,0
RB,Javonte Williams (25323374),Javonte Williams,25323374,RB/FLEX,4000,LV@DEN 11/20/2022 04:05PM ET,DEN,10.75
RB,Damarea Crockett (25323376),Damarea Crockett,25323376,RB/FLEX,4000,LV@DEN 11/20/2022 04:05PM ET,DEN,0
RB,Devine Ozigbo (25323378),Devine Ozigbo,25323378,RB/FLEX,4000,LV@DEN 11/20/2022 04:05PM ET,DEN,0.1
RB,Brandon Bolden (25323406),Brandon Bolden,25323406,RB/FLEX,4000,LV@DEN 11/20/2022 04:05PM ET,LV,2.84
RB,Zamir White (25323408),Zamir White,25323408,RB/FLEX,4000,LV@DEN 11/20/2022 04:05PM ET,LV,0.21
RB,Brittain Brown (25323410),Brittain Brown,25323410,RB/FLEX,4000,LV@DEN 11/20/2022 04:05PM ET,LV,0
RB,Sincere McCormick (25323412),Sincere McCormick,25323412,RB/FLEX,4000,LV@DEN 11/20/2022 04:05PM ET,LV,0
RB,Austin Walter (25323414),Austin Walter,25323414,RB/FLEX,4000,LV@DEN 11/20/2022 04:05PM ET,LV,0
RB,Jakob Johnson (25323416),Jakob Johnson,25323416,RB/FLEX,4000,LV@DEN 11/20/2022 04:05PM ET,LV,0.29
QB,Will Grier (25323197),Will Grier,25323197,QB,4000,DAL@MIN 11/20/2022 04:25PM ET,DAL,0
QB,David Blough (25323200),David Blough,25323200,QB,4000,DAL@MIN 11/20/2022 04:25PM ET,MIN,0
RB,Qadree Ollison (25323386),Qadree Ollison,25323386,RB/FLEX,4000,DAL@MIN 11/20/2022 04:25PM ET,DAL,0
RB,Rico Dowdle (25323388),Rico Dowdle,25323388,RB/FLEX,4000,DAL@MIN 11/20/2022 04:25PM ET,DAL,0
RB,Kene Nwangwu (25323398),Kene Nwangwu,25323398,RB/FLEX,4000,DAL@MIN 11/20/2022 04:25PM ET,MIN,0
RB,Ty Chandler (25323400),Ty Chandler,25323400,RB/FLEX,4000,DAL@MIN 11/20/2022 04:25PM ET,MIN,0
RB,Bryant Koback (25323402),Bryant Koback,25323402,RB/FLEX,4000,DAL@MIN 11/20/2022 04:25PM ET,MIN,0
RB,C.J. Ham (25323404),C.J. Ham,25323404,RB/FLEX,4000,DAL@MIN 11/20/2022 04:25PM ET,MIN,1.3
WR,K.J. Osborn (25323578),K.J. Osborn,25323578,WR/FLEX,4000,DAL@MIN 11/20/2022 04:25PM ET,MIN,6.57
QB,Jake Browning (25323191),Jake Browning,25323191,QB,4000,CIN@PIT 11/20/2022 04:25PM ET,CIN,0
RB,Chris Evans (25323346),Chris Evans,25323346,RB/FLEX,4000,CIN@PIT 11/20/2022 04:25PM ET,CIN,0.56
RB,Trayveon Williams (25323348),Trayveon Williams,25323348,RB/FLEX,4000,CIN@PIT 11/20/2022 04:25PM ET,CIN,0
RB,Elijah Holyfield (25323350),Elijah Holyfield,25323350,RB/FLEX,4000,CIN@PIT 11/20/2022 04:25PM ET,CIN,0
RB,Benny Snell Jr. (25323448),Benny Snell Jr.,25323448,RB/FLEX,4000,CIN@PIT 11/20/2022 04:25PM ET,PIT,0
RB,Jeremy McNichols (25323450),Jeremy McNichols,25323450,RB/FLEX,4000,CIN@PIT 11/20/2022 04:25PM ET,PIT,0
RB,Derek Watt (25323452),Derek Watt,25323452,RB/FLEX,4000,CIN@PIT 11/20/2022 04:25PM ET,PIT,1.16
RB,Anthony McFarland Jr. (25323454),Anthony McFarland Jr.,25323454,RB/FLEX,4000,CIN@PIT 11/20/2022 04:25PM ET,PIT,0
RB,Jason Huntley (25323456),Jason Huntley,25323456,RB/FLEX,4000,CIN@PIT 11/20/2022 04:25PM ET,PIT,0
TE,David Njoku (25323922),David Njoku,25323922,TE/FLEX,3900,CLE@BUF 11/20/2022 01:00PM ET,CLE,11.46
WR,Alec Pierce (25323588),Alec Pierce,25323588,WR/FLEX,3900,PHI@IND 11/20/2022 01:00PM ET,IND,7.84
DST,Eagles  (25324149),Eagles ,25324149,DST,3900,PHI@IND 11/20/2022 01:00PM ET,PHI,10
WR,Ben Skowronek (25323586),Ben Skowronek,25323586,WR/FLEX,3900,LAR@NO 11/20/2022 01:00PM ET,LAR,6.47
WR,James Proche II (25323590),James Proche II,25323590,WR/FLEX,3800,CAR@BAL 11/20/2022 01:00PM ET,BAL,1.61
DST,Bills  (25324150),Bills ,25324150,DST,3800,CLE@BUF 11/20/2022 01:00PM ET,BUF,9.78
WR,KJ Hamler (25323592),KJ Hamler,25323592,WR/FLEX,3800,LV@DEN 11/20/2022 04:05PM ET,DEN,3.69
TE,Greg Dulcich (25323924),Greg Dulcich,25323924,TE/FLEX,3800,LV@DEN 11/20/2022 04:05PM ET,DEN,9.58
WR,Laviska Shenault Jr. (25323600),Laviska Shenault Jr.,25323600,WR/FLEX,3700,CAR@BAL 11/20/2022 01:00PM ET,CAR,6.98
WR,Quez Watkins (25323594),Quez Watkins,25323594,WR/FLEX,3700,PHI@IND 11/20/2022 01:00PM ET,PHI,4
DST,Patriots  (25324151),Patriots ,25324151,DST,3700,NYJ@NE 11/20/2022 01:00PM ET,NE,11.33
TE,Foster Moreau (25323926),Foster Moreau,25323926,TE/FLEX,3700,LV@DEN 11/20/2022 04:05PM ET,LV,6.71
WR,Noah Brown (25323598),Noah Brown,25323598,WR/FLEX,3700,DAL@MIN 11/20/2022 04:25PM ET,DAL,8.15
TE,Isaiah Likely (25323928),Isaiah Likely,25323928,TE/FLEX,3600,CAR@BAL 11/20/2022 01:00PM ET,BAL,5.5
DST,Giants  (25324152),Giants ,25324152,DST,3600,DET@NYG 11/20/2022 01:00PM ET,NYG,6.22
WR,Kendall Hinton (25323602),Kendall Hinton,25323602,WR/FLEX,3600,LV@DEN 11/20/2022 04:05PM ET,DEN,3.86
WR,Mike Thomas (25323596),Mike Thomas,25323596,WR/FLEX,3600,CIN@PIT 11/20/2022 04:25PM ET,CIN,0.87
WR,David Bell (25323614),David Bell,25323614,WR/FLEX,3500,CLE@BUF 11/20/2022 01:00PM ET,CLE,2.71
WR,Phillip Dorsett II (25323612),Phillip Dorsett II,25323612,WR/FLEX,3500,WAS@HOU 11/20/2022 01:00PM ET,HOU,3.84
WR,Zach Pascal (25323604),Zach Pascal,25323604,WR/FLEX,3500,PHI@IND 11/20/2022 01:00PM ET,PHI,3.04
WR,Kendrick Bourne (25323608),Kendrick Bourne,25323608,WR/FLEX,3500,NYJ@NE 11/20/2022 01:00PM ET,NE,4.02
WR,Marquez Callaway (25323610),Marquez Callaway,25323610,WR/FLEX,3500,LAR@NO 11/20/2022 01:00PM ET,NO,4.02
WR,Marcus Johnson (25323606),Marcus Johnson,25323606,WR/FLEX,3500,DET@NYG 11/20/2022 01:00PM ET,NYG,2.05
DST,Broncos  (25324153),Broncos ,25324153,DST,3500,LV@DEN 11/20/2022 04:05PM ET,DEN,7.11
TE,Hayden Hurst (25323930),Hayden Hurst,25323930,TE/FLEX,3500,CIN@PIT 11/20/2022 04:25PM ET,CIN,8.92
WR,Damiere Byrd (25323618),Damiere Byrd,25323618,WR/FLEX,3400,CHI@ATL 11/20/2022 01:00PM ET,ATL,5.57
WR,Equanimeous St. Brown (25323622),Equanimeous St. Brown,25323622,WR/FLEX,3400,CHI@ATL 11/20/2022 01:00PM ET,CHI,3.87
TE,Tyler Conklin (25323932),Tyler Conklin,25323932,TE/FLEX,3400,NYJ@NE 11/20/2022 01:00PM ET,NYJ,9.19
WR,Rashid Shaheed (25323620),Rashid Shaheed,25323620,WR/FLEX,3400,LAR@NO 11/20/2022 01:00PM ET,NO,6.34
WR,Kenny Golladay (25323616),Kenny Golladay,25323616,WR/FLEX,3400,DET@NYG 11/20/2022 01:00PM ET,NYG,0.84
WR,Tom Kennedy (25323624),Tom Kennedy,25323624,WR/FLEX,3400,DET@NYG 11/20/2022 01:00PM ET,DET,3.96
DST,Bengals  (25324154),Bengals ,25324154,DST,3400,CIN@PIT 11/20/2022 04:25PM ET,CIN,5.78
WR,Dante Pettis (25323632),Dante Pettis,25323632,WR/FLEX,3300,CHI@ATL 11/20/2022 01:00PM ET,CHI,4.53
DST,Falcons  (25324155),Falcons ,25324155,DST,3300,CHI@ATL 11/20/2022 01:00PM ET,ATL,5.8
WR,Shi Smith (25323636),Shi Smith,25323636,WR/FLEX,3300,CAR@BAL 11/20/2022 01:00PM ET,CAR,2.42
WR,Tyquan Thornton (25323628),Tyquan Thornton,25323628,WR/FLEX,3300,NYJ@NE 11/20/2022 01:00PM ET,NE,6.14
WR,Denzel Mims (25323634),Denzel Mims,25323634,WR/FLEX,3300,NYJ@NE 11/20/2022 01:00PM ET,NYJ,4.4
TE,Hunter Henry (25323934),Hunter Henry,25323934,TE/FLEX,3300,NYJ@NE 11/20/2022 01:00PM ET,NE,5.44
WR,Keith Kirkwood (25323630),Keith Kirkwood,25323630,WR/FLEX,3300,LAR@NO 11/20/2022 01:00PM ET,NO,1.9
WR,David Sills V (25323626),David Sills V,25323626,WR/FLEX,3300,DET@NYG 11/20/2022 01:00PM ET,NYG,2.7
WR,KhaDarel Hodge (25323642),KhaDarel Hodge,25323642,WR/FLEX,3200,CHI@ATL 11/20/2022 01:00PM ET,ATL,3.74
TE,Dawson Knox (25323936),Dawson Knox,25323936,TE/FLEX,3200,CLE@BUF 11/20/2022 01:00PM ET,BUF,7.5
WR,Dyami Brown (25323644),Dyami Brown,25323644,WR/FLEX,3200,WAS@HOU 11/20/2022 01:00PM ET,WAS,3.95
WR,Nelson Agholor (25323640),Nelson Agholor,25323640,WR/FLEX,3200,NYJ@NE 11/20/2022 01:00PM ET,NE,5.59
TE,Daniel Bellinger (25323938),Daniel Bellinger,25323938,TE/FLEX,3200,DET@NYG 11/20/2022 01:00PM ET,NYG,7.06
WR,Jalen Virgil (25323646),Jalen Virgil,25323646,WR/FLEX,3200,LV@DEN 11/20/2022 04:05PM ET,DEN,13.6
DST,Cowboys  (25324156),Cowboys ,25324156,DST,3200,DAL@MIN 11/20/2022 04:25PM ET,DAL,10.78
WR,Steven Sims Jr. (25323638),Steven Sims Jr.,25323638,WR/FLEX,3200,CIN@PIT 11/20/2022 04:25PM ET,PIT,1.55
WR,N'Keal Harry (25323648),N'Keal Harry,25323648,WR/FLEX,3100,CHI@ATL 11/20/2022 01:00PM ET,CHI,4.8
TE,Harrison Bryant (25323942),Harrison Bryant,25323942,TE/FLEX,3100,CLE@BUF 11/20/2022 01:00PM ET,CLE,3.99
DST,Commanders  (25324157),Commanders ,25324157,DST,3100,WAS@HOU 11/20/2022 01:00PM ET,WAS,6.2
WR,Braxton Berrios (25323650),Braxton Berrios,25323650,WR/FLEX,3100,NYJ@NE 11/20/2022 01:00PM ET,NYJ,4.80
TE,Juwan Johnson (25323940),Juwan Johnson,25323940,TE/FLEX,3100,LAR@NO 11/20/2022 01:00PM ET,NO,8.22
WR,Jalen Tolbert (25323652),Jalen Tolbert,25323652,WR/FLEX,3100,DAL@MIN 11/20/2022 04:25PM ET,DAL,0.28
WR,Bryan Edwards (25323722),Bryan Edwards,25323722,WR/FLEX,3000,CHI@ATL 11/20/2022 01:00PM ET,ATL,0.64
WR,Jared Bernhardt (25323724),Jared Bernhardt,25323724,WR/FLEX,3000,CHI@ATL 11/20/2022 01:00PM ET,ATL,0
WR,Josh Ali (25323726),Josh Ali,25323726,WR/FLEX,3000,CHI@ATL 11/20/2022 01:00PM ET,ATL,0
WR,Cameron Batson (25323728),Cameron Batson,25323728,WR/FLEX,3000,CHI@ATL 11/20/2022 01:00PM ET,ATL,0
WR,Frank Darby (25323730),Frank Darby,25323730,WR/FLEX,3000,CHI@ATL 11/20/2022 01:00PM ET,ATL,0
WR,Ra'Shaun Henry (25323732),Ra'Shaun Henry,25323732,WR/FLEX,3000,CHI@ATL 11/20/2022 01:00PM ET,ATL,0
WR,Byron Pringle (25323822),Byron Pringle,25323822,WR/FLEX,3000,CHI@ATL 11/20/2022 01:00PM ET,CHI,1.88
WR,Velus Jones Jr. (25323824),Velus Jones Jr.,25323824,WR/FLEX,3000,CHI@ATL 11/20/2022 01:00PM ET,CHI,2.7
WR,Daurice Fountain (25323826),Daurice Fountain,25323826,WR/FLEX,3000,CHI@ATL 11/20/2022 01:00PM ET,CHI,0
WR,Nsimba Webster (25323828),Nsimba Webster,25323828,WR/FLEX,3000,CHI@ATL 11/20/2022 01:00PM ET,CHI,0
WR,Rashod Bateman (25323654),Rashod Bateman,25323654,WR/FLEX,3000,CAR@BAL 11/20/2022 01:00PM ET,BAL,9.58
WR,Tylan Wallace (25323656),Tylan Wallace,25323656,WR/FLEX,3000,CAR@BAL 11/20/2022 01:00PM ET,BAL,0.85
WR,Binjimen Victor (25323658),Binjimen Victor,25323658,WR/FLEX,3000,CAR@BAL 11/20/2022 01:00PM ET,BAL,0
WR,DeSean Jackson (25323660),DeSean Jackson,25323660,WR/FLEX,3000,CAR@BAL 11/20/2022 01:00PM ET,BAL,2.6
WR,Andy Isabella (25323662),Andy Isabella,25323662,WR/FLEX,3000,CAR@BAL 11/20/2022 01:00PM ET,BAL,1.37
WR,Rashard Higgins (25323892),Rashard Higgins,25323892,WR/FLEX,3000,CAR@BAL 11/20/2022 01:00PM ET,CAR,0
WR,Andre Roberts (25323894),Andre Roberts,25323894,WR/FLEX,3000,CAR@BAL 11/20/2022 01:00PM ET,CAR,0
WR,Preston Williams (25323896),Preston Williams,25323896,WR/FLEX,3000,CAR@BAL 11/20/2022 01:00PM ET,CAR,0
WR,Emeka Emezie (25323898),Emeka Emezie,25323898,WR/FLEX,3000,CAR@BAL 11/20/2022 01:00PM ET,CAR,0
WR,Derek Wright (25323900),Derek Wright,25323900,WR/FLEX,3000,CAR@BAL 11/20/2022 01:00PM ET,CAR,0
WR,C.J. Saunders (25323902),C.J. Saunders,25323902,WR/FLEX,3000,CAR@BAL 11/20/2022 01:00PM ET,CAR,0
WR,Khalil Shakir (25323672),Khalil Shakir,25323672,WR/FLEX,3000,CLE@BUF 11/20/2022 01:00PM ET,BUF,3.54
WR,Jake Kumerow (25323674),Jake Kumerow,25323674,WR/FLEX,3000,CLE@BUF 11/20/2022 01:00PM ET,BUF,1.73
WR,Jamison Crowder (25323676),Jamison Crowder,25323676,WR/FLEX,3000,CLE@BUF 11/20/2022 01:00PM ET,BUF,3
WR,Marquez Stevenson (25323678),Marquez Stevenson,25323678,WR/FLEX,3000,CLE@BUF 11/20/2022 01:00PM ET,BUF,0
WR,Tanner Gentry (25323680),Tanner Gentry,25323680,WR/FLEX,3000,CLE@BUF 11/20/2022 01:00PM ET,BUF,0
WR,Isaiah Coulter (25323682),Isaiah Coulter,25323682,WR/FLEX,3000,CLE@BUF 11/20/2022 01:00PM ET,BUF,0
WR,KeeSean Johnson (25323684),KeeSean Johnson,25323684,WR/FLEX,3000,CLE@BUF 11/20/2022 01:00PM ET,BUF,0
WR,Cyril Grayson Jr. (25323864),Cyril Grayson Jr.,25323864,WR/FLEX,3000,CLE@BUF 11/20/2022 01:00PM ET,CLE,0
WR,Michael Woods II (25323866),Michael Woods II,25323866,WR/FLEX,3000,CLE@BUF 11/20/2022 01:00PM ET,CLE,1.02
WR,Anthony Schwartz (25323868),Anthony Schwartz,25323868,WR/FLEX,3000,CLE@BUF 11/20/2022 01:00PM ET,CLE,0.78
WR,Jakeem Grant Sr. (25323870),Jakeem Grant Sr.,25323870,WR/FLEX,3000,CLE@BUF 11/20/2022 01:00PM ET,CLE,0
WR,Isaiah Weston (25323872),Isaiah Weston,25323872,WR/FLEX,3000,CLE@BUF 11/20/2022 01:00PM ET,CLE,0
WR,Daylen Baldwin (25323874),Daylen Baldwin,25323874,WR/FLEX,3000,CLE@BUF 11/20/2022 01:00PM ET,CLE,0
WR,Mike Harley Jr. (25323876),Mike Harley Jr.,25323876,WR/FLEX,3000,CLE@BUF 11/20/2022 01:00PM ET,CLE,0
WR,Chester Rogers (25323878),Chester Rogers,25323878,WR/FLEX,3000,CLE@BUF 11/20/2022 01:00PM ET,CLE,-0.33
WR,Cam Sims (25323744),Cam Sims,25323744,WR/FLEX,3000,WAS@HOU 11/20/2022 01:00PM ET,WAS,1.08
WR,Dax Milne (25323746),Dax Milne,25323746,WR/FLEX,3000,WAS@HOU 11/20/2022 01:00PM ET,WAS,1.57
WR,Marken Michel (25323748),Marken Michel,25323748,WR/FLEX,3000,WAS@HOU 11/20/2022 01:00PM ET,WAS,0
WR,Kyric McGowan (25323750),Kyric McGowan,25323750,WR/FLEX,3000,WAS@HOU 11/20/2022 01:00PM ET,WAS,0
WR,Alex Erickson (25323752),Alex Erickson,25323752,WR/FLEX,3000,WAS@HOU 11/20/2022 01:00PM ET,WAS,0
WR,Tyron Johnson (25323810),Tyron Johnson,25323810,WR/FLEX,3000,WAS@HOU 11/20/2022 01:00PM ET,HOU,0.45
WR,John Metchie III (25323812),John Metchie III,25323812,WR/FLEX,3000,WAS@HOU 11/20/2022 01:00PM ET,HOU,0
WR,Michael Young Jr. (25323814),Michael Young Jr.,25323814,WR/FLEX,3000,WAS@HOU 11/20/2022 01:00PM ET,HOU,0
WR,Davion Davis (25323816),Davion Davis,25323816,WR/FLEX,3000,WAS@HOU 11/20/2022 01:00PM ET,HOU,0
WR,Johnny Johnson III (25323818),Johnny Johnson III,25323818,WR/FLEX,3000,WAS@HOU 11/20/2022 01:00PM ET,HOU,0
WR,Jalen Camp (25323820),Jalen Camp,25323820,WR/FLEX,3000,WAS@HOU 11/20/2022 01:00PM ET,HOU,1.7
WR,Britain Covey (25323664),Britain Covey,25323664,WR/FLEX,3000,PHI@IND 11/20/2022 01:00PM ET,PHI,0
WR,Auden Tate (25323666),Auden Tate,25323666,WR/FLEX,3000,PHI@IND 11/20/2022 01:00PM ET,PHI,0
WR,Devon Allen (25323668),Devon Allen,25323668,WR/FLEX,3000,PHI@IND 11/20/2022 01:00PM ET,PHI,0
WR,Greg Ward (25323670),Greg Ward,25323670,WR/FLEX,3000,PHI@IND 11/20/2022 01:00PM ET,PHI,0
WR,Ashton Dulin (25323880),Ashton Dulin,25323880,WR/FLEX,3000,PHI@IND 11/20/2022 01:00PM ET,IND,4.85
WR,Mike Strachan (25323882),Mike Strachan,25323882,WR/FLEX,3000,PHI@IND 11/20/2022 01:00PM ET,IND,0.99
WR,Keke Coutee (25323884),Keke Coutee,25323884,WR/FLEX,3000,PHI@IND 11/20/2022 01:00PM ET,IND,0.4
WR,Vyncint Smith (25323886),Vyncint Smith,25323886,WR/FLEX,3000,PHI@IND 11/20/2022 01:00PM ET,IND,0
WR,Dezmon Patmon (25323888),Dezmon Patmon,25323888,WR/FLEX,3000,PHI@IND 11/20/2022 01:00PM ET,IND,4.4
WR,Ethan Fernea (25323890),Ethan Fernea,25323890,WR/FLEX,3000,PHI@IND 11/20/2022 01:00PM ET,IND,0
WR,Ty Montgomery (25323708),Ty Montgomery,25323708,WR/FLEX,3000,NYJ@NE 11/20/2022 01:00PM ET,NE,10.3
WR,Matthew Slater (25323710),Matthew Slater,25323710,WR/FLEX,3000,NYJ@NE 11/20/2022 01:00PM ET,NE,0
WR,Raleigh Webb (25323712),Raleigh Webb,25323712,WR/FLEX,3000,NYJ@NE 11/20/2022 01:00PM ET,NE,0
WR,Kristian Wilkerson (25323714),Kristian Wilkerson,25323714,WR/FLEX,3000,NYJ@NE 11/20/2022 01:00PM ET,NE,0
WR,Tre Nixon (25323716),Tre Nixon,25323716,WR/FLEX,3000,NYJ@NE 11/20/2022 01:00PM ET,NE,0
WR,Lil'Jordan Humphrey (25323718),Lil'Jordan Humphrey,25323718,WR/FLEX,3000,NYJ@NE 11/20/2022 01:00PM ET,NE,0.67
WR,Lynn Bowden Jr. (25323720),Lynn Bowden Jr.,25323720,WR/FLEX,3000,NYJ@NE 11/20/2022 01:00PM ET,NE,0
WR,Jeff Smith (25323842),Jeff Smith,25323842,WR/FLEX,3000,NYJ@NE 11/20/2022 01:00PM ET,NYJ,1.08
WR,Rodney Adams (25323844),Rodney Adams,25323844,WR/FLEX,3000,NYJ@NE 11/20/2022 01:00PM ET,NYJ,0
WR,Irvin Charles (25323846),Irvin Charles,25323846,WR/FLEX,3000,NYJ@NE 11/20/2022 01:00PM ET,NYJ,0
WR,Diontae Spencer (25323848),Diontae Spencer,25323848,WR/FLEX,3000,NYJ@NE 11/20/2022 01:00PM ET,NYJ,0
WR,Tarik Black (25323850),Tarik Black,25323850,WR/FLEX,3000,NYJ@NE 11/20/2022 01:00PM ET,NYJ,0
TE,Jonnu Smith (25323944),Jonnu Smith,25323944,TE/FLEX,3000,NYJ@NE 11/20/2022 01:00PM ET,NE,3.92
WR,Kevin White (25323766),Kevin White,25323766,WR/FLEX,3000,LAR@NO 11/20/2022 01:00PM ET,NO,1.88
WR,Deonte Harty (25323768),Deonte Harty,25323768,WR/FLEX,3000,LAR@NO 11/20/2022 01:00PM ET,NO,0.58
WR,Michael Thomas (25323770),Michael Thomas,25323770,WR/FLEX,3000,LAR@NO 11/20/2022 01:00PM ET,NO,17.03
WR,Kirk Merritt (25323772),Kirk Merritt,25323772,WR/FLEX,3000,LAR@NO 11/20/2022 01:00PM ET,NO,0
WR,Brandon Powell (25323774),Brandon Powell,25323774,WR/FLEX,3000,LAR@NO 11/20/2022 01:00PM ET,LAR,2.03
WR,Tutu Atwell (25323776),Tutu Atwell,25323776,WR/FLEX,3000,LAR@NO 11/20/2022 01:00PM ET,LAR,1.46
WR,Lance McCutcheon (25323778),Lance McCutcheon,25323778,WR/FLEX,3000,LAR@NO 11/20/2022 01:00PM ET,LAR,0
WR,J.J. Koski (25323780),J.J. Koski,25323780,WR/FLEX,3000,LAR@NO 11/20/2022 01:00PM ET,LAR,0
WR,Austin Trammell (25323782),Austin Trammell,25323782,WR/FLEX,3000,LAR@NO 11/20/2022 01:00PM ET,LAR,0
DST,Saints  (25324158),Saints ,25324158,DST,3000,LAR@NO 11/20/2022 01:00PM ET,NO,5.3
WR,Richie James Jr. (25323694),Richie James Jr.,25323694,WR/FLEX,3000,DET@NYG 11/20/2022 01:00PM ET,NYG,4.08
WR,Isaiah Hodgins (25323696),Isaiah Hodgins,25323696,WR/FLEX,3000,DET@NYG 11/20/2022 01:00PM ET,NYG,4.73
WR,Sterling Shepard (25323698),Sterling Shepard,25323698,WR/FLEX,3000,DET@NYG 11/20/2022 01:00PM ET,NYG,11.47
WR,Collin Johnson (25323700),Collin Johnson,25323700,WR/FLEX,3000,DET@NYG 11/20/2022 01:00PM ET,NYG,0
WR,Robert Foster (25323702),Robert Foster,25323702,WR/FLEX,3000,DET@NYG 11/20/2022 01:00PM ET,NYG,0
WR,Makai Polk (25323704),Makai Polk,25323704,WR/FLEX,3000,DET@NYG 11/20/2022 01:00PM ET,NYG,0
WR,Kalil Pimpleton (25323706),Kalil Pimpleton,25323706,WR/FLEX,3000,DET@NYG 11/20/2022 01:00PM ET,NYG,0
WR,Trinity Benson (25323830),Trinity Benson,25323830,WR/FLEX,3000,DET@NYG 11/20/2022 01:00PM ET,DET,0
WR,Stanley Berryhill (25323832),Stanley Berryhill,25323832,WR/FLEX,3000,DET@NYG 11/20/2022 01:00PM ET,DET,0
WR,Quintez Cephus (25323834),Quintez Cephus,25323834,WR/FLEX,3000,DET@NYG 11/20/2022 01:00PM ET,DET,0.88
WR,Brandon Zylstra (25323836),Brandon Zylstra,25323836,WR/FLEX,3000,DET@NYG 11/20/2022 01:00PM ET,DET,0
WR,Josh Johnson (25323838),Josh Johnson,25323838,WR/FLEX,3000,DET@NYG 11/20/2022 01:00PM ET,DET,0
WR,Maurice Alexander (25323840),Maurice Alexander,25323840,WR/FLEX,3000,DET@NYG 11/20/2022 01:00PM ET,DET,0.42
TE,Brock Wright (25323946),Brock Wright,25323946,TE/FLEX,3000,DET@NYG 11/20/2022 01:00PM ET,DET,2.44
WR,Montrell Washington (25323734),Montrell Washington,25323734,WR/FLEX,3000,LV@DEN 11/20/2022 04:05PM ET,DEN,0.61
WR,Tyrie Cleveland (25323736),Tyrie Cleveland,25323736,WR/FLEX,3000,LV@DEN 11/20/2022 04:05PM ET,DEN,0.8
WR,Tim Patrick (25323738),Tim Patrick,25323738,WR/FLEX,3000,LV@DEN 11/20/2022 04:05PM ET,DEN,0
WR,Brandon Johnson (25323740),Brandon Johnson,25323740,WR/FLEX,3000,LV@DEN 11/20/2022 04:05PM ET,DEN,0
WR,Kaden Davis (25323742),Kaden Davis,25323742,WR/FLEX,3000,LV@DEN 11/20/2022 04:05PM ET,DEN,0
WR,Keelan Cole (25323798),Keelan Cole,25323798,WR/FLEX,3000,LV@DEN 11/20/2022 04:05PM ET,LV,1.2
WR,DJ Turner (25323800),DJ Turner,25323800,WR/FLEX,3000,LV@DEN 11/20/2022 04:05PM ET,LV,0.4
WR,Isaiah Zuber (25323802),Isaiah Zuber,25323802,WR/FLEX,3000,LV@DEN 11/20/2022 04:05PM ET,LV,0
WR,Chris Lacy (25323804),Chris Lacy,25323804,WR/FLEX,3000,LV@DEN 11/20/2022 04:05PM ET,LV,0
WR,Malik Turner (25323806),Malik Turner,25323806,WR/FLEX,3000,LV@DEN 11/20/2022 04:05PM ET,LV,0
WR,Albert Wilson (25323808),Albert Wilson,25323808,WR/FLEX,3000,LV@DEN 11/20/2022 04:05PM ET,LV,0
WR,KaVontae Turpin (25323754),KaVontae Turpin,25323754,WR/FLEX,3000,DAL@MIN 11/20/2022 04:25PM ET,DAL,0.4
WR,James Washington (25323756),James Washington,25323756,WR/FLEX,3000,DAL@MIN 11/20/2022 04:25PM ET,DAL,0
WR,Simi Fehoko (25323758),Simi Fehoko,25323758,WR/FLEX,3000,DAL@MIN 11/20/2022 04:25PM ET,DAL,1.08
WR,Dennis Houston (25323760),Dennis Houston,25323760,WR/FLEX,3000,DAL@MIN 11/20/2022 04:25PM ET,DAL,1.8
WR,Dontario Drummond (25323762),Dontario Drummond,25323762,WR/FLEX,3000,DAL@MIN 11/20/2022 04:25PM ET,DAL,0
WR,Brandon Smith (25323764),Brandon Smith,25323764,WR/FLEX,3000,DAL@MIN 11/20/2022 04:25PM ET,DAL,0
WR,Jalen Reagor (25323784),Jalen Reagor,25323784,WR/FLEX,3000,DAL@MIN 11/20/2022 04:25PM ET,MIN,1.3
WR,Jalen Nailor (25323786),Jalen Nailor,25323786,WR/FLEX,3000,DAL@MIN 11/20/2022 04:25PM ET,MIN,0.33
WR,Bisi Johnson (25323788),Bisi Johnson,25323788,WR/FLEX,3000,DAL@MIN 11/20/2022 04:25PM ET,MIN,0
WR,Thomas Hennigan (25323790),Thomas Hennigan,25323790,WR/FLEX,3000,DAL@MIN 11/20/2022 04:25PM ET,MIN,0
WR,Trishton Jackson (25323792),Trishton Jackson,25323792,WR/FLEX,3000,DAL@MIN 11/20/2022 04:25PM ET,MIN,0
WR,Blake Proehl (25323794),Blake Proehl,25323794,WR/FLEX,3000,DAL@MIN 11/20/2022 04:25PM ET,MIN,0
WR,Dan Chisena (25323796),Dan Chisena,25323796,WR/FLEX,3000,DAL@MIN 11/20/2022 04:25PM ET,MIN,0
WR,Trent Taylor (25323686),Trent Taylor,25323686,WR/FLEX,3000,CIN@PIT 11/20/2022 04:25PM ET,CIN,0.63
WR,Stanley Morgan (25323688),Stanley Morgan,25323688,WR/FLEX,3000,CIN@PIT 11/20/2022 04:25PM ET,CIN,0
WR,Kwamie Lassiter II (25323690),Kwamie Lassiter II,25323690,WR/FLEX,3000,CIN@PIT 11/20/2022 04:25PM ET,CIN,0
WR,Trenton Irwin (25323692),Trenton Irwin,25323692,WR/FLEX,3000,CIN@PIT 11/20/2022 04:25PM ET,CIN,4.1
WR,Miles Boykin (25323852),Miles Boykin,25323852,WR/FLEX,3000,CIN@PIT 11/20/2022 04:25PM ET,PIT,0.23
WR,Gunner Olszewski (25323854),Gunner Olszewski,25323854,WR/FLEX,3000,CIN@PIT 11/20/2022 04:25PM ET,PIT,0.28
WR,Calvin Austin III (25323856),Calvin Austin III,25323856,WR/FLEX,3000,CIN@PIT 11/20/2022 04:25PM ET,PIT,0
WR,Anthony Miller (25323858),Anthony Miller,25323858,WR/FLEX,3000,CIN@PIT 11/20/2022 04:25PM ET,PIT,0
WR,Cody White (25323860),Cody White,25323860,WR/FLEX,3000,CIN@PIT 11/20/2022 04:25PM ET,PIT,0
WR,Josh Malone (25323862),Josh Malone,25323862,WR/FLEX,3000,CIN@PIT 11/20/2022 04:25PM ET,PIT,0
TE,Kylen Granson (25323950),Kylen Granson,25323950,TE/FLEX,2900,PHI@IND 11/20/2022 01:00PM ET,IND,4.73
DST,Rams  (25324159),Rams ,25324159,DST,2900,LAR@NO 11/20/2022 01:00PM ET,LAR,5.33
TE,Tanner Hudson (25323948),Tanner Hudson,25323948,TE/FLEX,2900,DET@NYG 11/20/2022 01:00PM ET,NYG,2.36
TE,Logan Thomas (25323952),Logan Thomas,25323952,TE/FLEX,2800,WAS@HOU 11/20/2022 01:00PM ET,WAS,4.69
DST,Jets  (25324160),Jets ,25324160,DST,2800,NYJ@NE 11/20/2022 01:00PM ET,NYJ,8.44
TE,Irv Smith Jr. (25323954),Irv Smith Jr.,25323954,TE/FLEX,2800,DAL@MIN 11/20/2022 04:25PM ET,MIN,7.26
TE,Tommy Tremble (25323960),Tommy Tremble,25323960,TE/FLEX,2700,CAR@BAL 11/20/2022 01:00PM ET,CAR,3.09
TE,Mo Alie-Cox (25323958),Mo Alie-Cox,25323958,TE/FLEX,2700,PHI@IND 11/20/2022 01:00PM ET,IND,3.99
TE,James Mitchell (25323956),James Mitchell,25323956,TE/FLEX,2700,DET@NYG 11/20/2022 01:00PM ET,DET,2.52
DST,Lions  (25324161),Lions ,25324161,DST,2700,DET@NYG 11/20/2022 01:00PM ET,DET,4.33
DST,Bears  (25324162),Bears ,25324162,DST,2600,CHI@ATL 11/20/2022 01:00PM ET,CHI,4.5
TE,John Bates (25323964),John Bates,25323964,TE/FLEX,2600,WAS@HOU 11/20/2022 01:00PM ET,WAS,2.16
TE,O.J. Howard (25323966),O.J. Howard,25323966,TE/FLEX,2600,WAS@HOU 11/20/2022 01:00PM ET,HOU,3.44
TE,Brevin Jordan (25323968),Brevin Jordan,25323968,TE/FLEX,2600,WAS@HOU 11/20/2022 01:00PM ET,HOU,1.84
TE,Jordan Akins (25323970),Jordan Akins,25323970,TE/FLEX,2600,WAS@HOU 11/20/2022 01:00PM ET,HOU,6.16
TE,Chris Myarick (25323962),Chris Myarick,25323962,TE/FLEX,2600,DET@NYG 11/20/2022 01:00PM ET,NYG,1.8
TE,Parker Hesse (25324016),Parker Hesse,25324016,TE/FLEX,2500,CHI@ATL 11/20/2022 01:00PM ET,ATL,1
TE,MyCole Pruitt (25324018),MyCole Pruitt,25324018,TE/FLEX,2500,CHI@ATL 11/20/2022 01:00PM ET,ATL,1.73
TE,Feleipe Franks (25324020),Feleipe Franks,25324020,TE/FLEX,2500,CHI@ATL 11/20/2022 01:00PM ET,ATL,0
TE,Anthony Firkser (25324022),Anthony Firkser,25324022,TE/FLEX,2500,CHI@ATL 11/20/2022 01:00PM ET,ATL,1.38
TE,John FitzPatrick (25324024),John FitzPatrick,25324024,TE/FLEX,2500,CHI@ATL 11/20/2022 01:00PM ET,ATL,0
TE,Tucker Fisk (25324026),Tucker Fisk,25324026,TE/FLEX,2500,CHI@ATL 11/20/2022 01:00PM ET,ATL,0
TE,Beau Brinkley (25324028),Beau Brinkley,25324028,TE/FLEX,2500,CHI@ATL 11/20/2022 01:00PM ET,ATL,0
TE,Trevon Wesco (25324094),Trevon Wesco,25324094,TE/FLEX,2500,CHI@ATL 11/20/2022 01:00PM ET,CHI,0.59
TE,Ryan Griffin (25324096),Ryan Griffin,25324096,TE/FLEX,2500,CHI@ATL 11/20/2022 01:00PM ET,CHI,0.68
TE,Chase Allen (25324098),Chase Allen,25324098,TE/FLEX,2500,CHI@ATL 11/20/2022 01:00PM ET,CHI,0
TE,Jake Tonges (25324100),Jake Tonges,25324100,TE/FLEX,2500,CHI@ATL 11/20/2022 01:00PM ET,CHI,0
TE,Patrick Scales (25324102),Patrick Scales,25324102,TE/FLEX,2500,CHI@ATL 11/20/2022 01:00PM ET,CHI,0
TE,Sammis Reyes (25324104),Sammis Reyes,25324104,TE/FLEX,2500,CHI@ATL 11/20/2022 01:00PM ET,CHI,0
TE,Josh Oliver (25323976),Josh Oliver,25323976,TE/FLEX,2500,CAR@BAL 11/20/2022 01:00PM ET,BAL,1.91
TE,Nick Boyle (25323978),Nick Boyle,25323978,TE/FLEX,2500,CAR@BAL 11/20/2022 01:00PM ET,BAL,0
TE,Charlie Kolar (25323980),Charlie Kolar,25323980,TE/FLEX,2500,CAR@BAL 11/20/2022 01:00PM ET,BAL,0
TE,Ian Thomas (25324140),Ian Thomas,25324140,TE/FLEX,2500,CAR@BAL 11/20/2022 01:00PM ET,CAR,2.4
TE,Stephen Sullivan (25324142),Stephen Sullivan,25324142,TE/FLEX,2500,CAR@BAL 11/20/2022 01:00PM ET,CAR,0.94
TE,Colin Thompson (25324144),Colin Thompson,25324144,TE/FLEX,2500,CAR@BAL 11/20/2022 01:00PM ET,CAR,0
TE,Giovanni Ricci (25324146),Giovanni Ricci,25324146,TE/FLEX,2500,CAR@BAL 11/20/2022 01:00PM ET,CAR,1.38
TE,Quintin Morris (25323990),Quintin Morris,25323990,TE/FLEX,2500,CLE@BUF 11/20/2022 01:00PM ET,BUF,1.46
TE,Tommy Sweeney (25323992),Tommy Sweeney,25323992,TE/FLEX,2500,CLE@BUF 11/20/2022 01:00PM ET,BUF,0.57
TE,Zach Davidson (25323994),Zach Davidson,25323994,TE/FLEX,2500,CLE@BUF 11/20/2022 01:00PM ET,BUF,0
TE,Pharaoh Brown (25324122),Pharaoh Brown,25324122,TE/FLEX,2500,CLE@BUF 11/20/2022 01:00PM ET,CLE,2.7
TE,Miller Forristall (25324124),Miller Forristall,25324124,TE/FLEX,2500,CLE@BUF 11/20/2022 01:00PM ET,CLE,0
TE,Jesse James (25324126),Jesse James,25324126,TE/FLEX,2500,CLE@BUF 11/20/2022 01:00PM ET,CLE,0
TE,Zaire Mitchell-Paden (25324128),Zaire Mitchell-Paden,25324128,TE/FLEX,2500,CLE@BUF 11/20/2022 01:00PM ET,CLE,0
TE,Armani Rogers (25324038),Armani Rogers,25324038,TE/FLEX,2500,WAS@HOU 11/20/2022 01:00PM ET,WAS,1.38
TE,Cole Turner (25324040),Cole Turner,25324040,TE/FLEX,2500,WAS@HOU 11/20/2022 01:00PM ET,WAS,1.43
TE,Curtis Hodges (25324042),Curtis Hodges,25324042,TE/FLEX,2500,WAS@HOU 11/20/2022 01:00PM ET,WAS,0
TE,Eli Wolf (25324044),Eli Wolf,25324044,TE/FLEX,2500,WAS@HOU 11/20/2022 01:00PM ET,WAS,0
TE,Teagan Quitoriano (25324090),Teagan Quitoriano,25324090,TE/FLEX,2500,WAS@HOU 11/20/2022 01:00PM ET,HOU,3.6
TE,Mason Schreck (25324092),Mason Schreck,25324092,TE/FLEX,2500,WAS@HOU 11/20/2022 01:00PM ET,HOU,1.3
TE,Jack Stoll (25323982),Jack Stoll,25323982,TE/FLEX,2500,PHI@IND 11/20/2022 01:00PM ET,PHI,0.99
TE,Grant Calcaterra (25323984),Grant Calcaterra,25323984,TE/FLEX,2500,PHI@IND 11/20/2022 01:00PM ET,PHI,0.71
TE,Tyree Jackson (25323986),Tyree Jackson,25323986,TE/FLEX,2500,PHI@IND 11/20/2022 01:00PM ET,PHI,0
TE,Noah Togiai (25323988),Noah Togiai,25323988,TE/FLEX,2500,PHI@IND 11/20/2022 01:00PM ET,PHI,0
TE,Jelani Woods (25324130),Jelani Woods,25324130,TE/FLEX,2500,PHI@IND 11/20/2022 01:00PM ET,IND,3.66
TE,Nikola Kalinic (25324132),Nikola Kalinic,25324132,TE/FLEX,2500,PHI@IND 11/20/2022 01:00PM ET,IND,0
TE,Drew Ogletree (25324134),Drew Ogletree,25324134,TE/FLEX,2500,PHI@IND 11/20/2022 01:00PM ET,IND,0
TE,Jalen Wydermyer (25324136),Jalen Wydermyer,25324136,TE/FLEX,2500,PHI@IND 11/20/2022 01:00PM ET,IND,0
TE,Darrell Daniels (25324138),Darrell Daniels,25324138,TE/FLEX,2500,PHI@IND 11/20/2022 01:00PM ET,IND,0
TE,Scotty Washington (25324012),Scotty Washington,25324012,TE/FLEX,2500,NYJ@NE 11/20/2022 01:00PM ET,NE,0
TE,Matt Sokol (25324014),Matt Sokol,25324014,TE/FLEX,2500,NYJ@NE 11/20/2022 01:00PM ET,NE,0
TE,C.J. Uzomah (25324110),C.J. Uzomah,25324110,TE/FLEX,2500,NYJ@NE 11/20/2022 01:00PM ET,NYJ,2.28
TE,Kenny Yeboah (25324112),Kenny Yeboah,25324112,TE/FLEX,2500,NYJ@NE 11/20/2022 01:00PM ET,NYJ,0
TE,Jeremy Ruckert (25324114),Jeremy Ruckert,25324114,TE/FLEX,2500,NYJ@NE 11/20/2022 01:00PM ET,NYJ,0
TE,Adam Trautman (25324054),Adam Trautman,25324054,TE/FLEX,2500,LAR@NO 11/20/2022 01:00PM ET,NO,3.45
TE,Nick Vannett (25324056),Nick Vannett,25324056,TE/FLEX,2500,LAR@NO 11/20/2022 01:00PM ET,NO,1.1
TE,J.P. Holtz (25324058),J.P. Holtz,25324058,TE/FLEX,2500,LAR@NO 11/20/2022 01:00PM ET,NO,0
TE,Dylan Soehner (25324060),Dylan Soehner,25324060,TE/FLEX,2500,LAR@NO 11/20/2022 01:00PM ET,NO,0
TE,Lucas Krull (25324062),Lucas Krull,25324062,TE/FLEX,2500,LAR@NO 11/20/2022 01:00PM ET,NO,0
TE,Zach Wood (25324064),Zach Wood,25324064,TE/FLEX,2500,LAR@NO 11/20/2022 01:00PM ET,NO,0
TE,Brycen Hopkins (25324066),Brycen Hopkins,25324066,TE/FLEX,2500,LAR@NO 11/20/2022 01:00PM ET,LAR,0.35
TE,Jared Pinkney (25324068),Jared Pinkney,25324068,TE/FLEX,2500,LAR@NO 11/20/2022 01:00PM ET,LAR,0
TE,Jacob Harris (25324070),Jacob Harris,25324070,TE/FLEX,2500,LAR@NO 11/20/2022 01:00PM ET,LAR,0
TE,Roger Carter Jr. (25324072),Roger Carter Jr.,25324072,TE/FLEX,2500,LAR@NO 11/20/2022 01:00PM ET,LAR,0
TE,Kendall Blanton (25324074),Kendall Blanton,25324074,TE/FLEX,2500,LAR@NO 11/20/2022 01:00PM ET,LAR,1.38
TE,Lawrence Cager (25324008),Lawrence Cager,25324008,TE/FLEX,2500,DET@NYG 11/20/2022 01:00PM ET,NYG,2.97
TE,Dre Miller (25324010),Dre Miller,25324010,TE/FLEX,2500,DET@NYG 11/20/2022 01:00PM ET,NYG,0
TE,Shane Zylstra (25324106),Shane Zylstra,25324106,TE/FLEX,2500,DET@NYG 11/20/2022 01:00PM ET,DET,1.42
TE,Garrett Griffin (25324108),Garrett Griffin,25324108,TE/FLEX,2500,DET@NYG 11/20/2022 01:00PM ET,DET,0
TE,Albert Okwuegbunam (25323972),Albert Okwuegbunam,25323972,TE/FLEX,2500,LV@DEN 11/20/2022 04:05PM ET,DEN,2.4
TE,Eric Tomlinson (25324030),Eric Tomlinson,25324030,TE/FLEX,2500,LV@DEN 11/20/2022 04:05PM ET,DEN,0.74
TE,Eric Saubert (25324032),Eric Saubert,25324032,TE/FLEX,2500,LV@DEN 11/20/2022 04:05PM ET,DEN,2.61
TE,Andrew Beck (25324034),Andrew Beck,25324034,TE/FLEX,2500,LV@DEN 11/20/2022 04:05PM ET,DEN,1.1
TE,Mitchell Fraboni (25324036),Mitchell Fraboni,25324036,TE/FLEX,2500,LV@DEN 11/20/2022 04:05PM ET,DEN,0
TE,Jesper Horsted (25324084),Jesper Horsted,25324084,TE/FLEX,2500,LV@DEN 11/20/2022 04:05PM ET,LV,0.54
TE,Jacob Hollister (25324086),Jacob Hollister,25324086,TE/FLEX,2500,LV@DEN 11/20/2022 04:05PM ET,LV,0
TE,Cole Fotheringham (25324088),Cole Fotheringham,25324088,TE/FLEX,2500,LV@DEN 11/20/2022 04:05PM ET,LV,0
DST,Raiders  (25324163),Raiders ,25324163,DST,2500,LV@DEN 11/20/2022 04:05PM ET,LV,3.78
TE,Jake Ferguson (25323974),Jake Ferguson,25323974,TE/FLEX,2500,DAL@MIN 11/20/2022 04:25PM ET,DAL,3.09
TE,Peyton Hendershot (25324046),Peyton Hendershot,25324046,TE/FLEX,2500,DAL@MIN 11/20/2022 04:25PM ET,DAL,2.61
TE,Sean McKeon (25324048),Sean McKeon,25324048,TE/FLEX,2500,DAL@MIN 11/20/2022 04:25PM ET,DAL,0.62
TE,Ian Bunting (25324050),Ian Bunting,25324050,TE/FLEX,2500,DAL@MIN 11/20/2022 04:25PM ET,DAL,0
TE,Seth Green (25324052),Seth Green,25324052,TE/FLEX,2500,DAL@MIN 11/20/2022 04:25PM ET,DAL,0
TE,Johnny Mundt (25324076),Johnny Mundt,25324076,TE/FLEX,2500,DAL@MIN 11/20/2022 04:25PM ET,MIN,2.97
TE,Nick Muse (25324078),Nick Muse,25324078,TE/FLEX,2500,DAL@MIN 11/20/2022 04:25PM ET,MIN,0
TE,Ben Ellefson (25324080),Ben Ellefson,25324080,TE/FLEX,2500,DAL@MIN 11/20/2022 04:25PM ET,MIN,1.4
TE,Andrew DePaola (25324082),Andrew DePaola,25324082,TE/FLEX,2500,DAL@MIN 11/20/2022 04:25PM ET,MIN,0
TE,Mitchell Wilcox (25323996),Mitchell Wilcox,25323996,TE/FLEX,2500,CIN@PIT 11/20/2022 04:25PM ET,CIN,1.19
TE,Devin Asiasi (25323998),Devin Asiasi,25323998,TE/FLEX,2500,CIN@PIT 11/20/2022 04:25PM ET,CIN,0
TE,Drew Sample (25324000),Drew Sample,25324000,TE/FLEX,2500,CIN@PIT 11/20/2022 04:25PM ET,CIN,0.9
TE,Cal Adomitis (25324002),Cal Adomitis,25324002,TE/FLEX,2500,CIN@PIT 11/20/2022 04:25PM ET,CIN,0
TE,Clark Harris (25324004),Clark Harris,25324004,TE/FLEX,2500,CIN@PIT 11/20/2022 04:25PM ET,CIN,0
TE,Nick Bowers (25324006),Nick Bowers,25324006,TE/FLEX,2500,CIN@PIT 11/20/2022 04:25PM ET,CIN,0
TE,Zach Gentry (25324116),Zach Gentry,25324116,TE/FLEX,2500,CIN@PIT 11/20/2022 04:25PM ET,PIT,2.36
TE,Connor Heyward (25324118),Connor Heyward,25324118,TE/FLEX,2500,CIN@PIT 11/20/2022 04:25PM ET,PIT,1.62
TE,Rodney Williams II (25324120),Rodney Williams II,25324120,TE/FLEX,2500,CIN@PIT 11/20/2022 04:25PM ET,PIT,0
DST,Texans  (25324164),Texans ,25324164,DST,2400,WAS@HOU 11/20/2022 01:00PM ET,HOU,5.67
DST,Vikings  (25324165),Vikings ,25324165,DST,2400,DAL@MIN 11/20/2022 04:25PM ET,MIN,8.33
DST,Browns  (25324167),Browns ,25324167,DST,2300,CLE@BUF 11/20/2022 01:00PM ET,CLE,4.11
DST,Steelers  (25324166),Steelers ,25324166,DST,2300,CIN@PIT 11/20/2022 04:25PM ET,PIT,5.67
DST,Panthers  (25324169),Panthers ,25324169,DST,2200,CAR@BAL 11/20/2022 01:00PM ET,CAR,6.5
DST,Colts  (25324168),Colts ,25324168,DST,2200,PHI@IND 11/20/2022 01:00PM ET,IND,5.8
